标题;热度;日期
没有标题;N/A; 7/28
[花邊] Steph Curry成為美國男籃最老在奧運初登場;33; 7/28
没有标题;N/A; 7/29
[花邊] 上半場KD 8投8中 5顆三分 21分;爆; 7/29
[花邊] Joel Embiid第一次體驗奧運這值得一切;81; 7/29
没有标题;1; 7/29
Re: [討論] 最難理解的中文外號;42; 7/29
[BOX ] 2024巴黎奧運 小組賽 SRB 84 : 110 USA;爆; 7/29
[花邊] 今日LeBron James;爆; 7/29
[花邊] 記者問Tatum有沒有感冒 Tatum:不 我很好;爆; 7/29
[情報] 今日奧運開幕戰的9LMB;66; 7/29
[花邊] LBJ:有KD跟我站在同一邊肯定是一種享受;99; 7/29
[花邊] Kerr：JT未上場是教練決定;98; 7/29
Re: [討論] 最難理解的中文外號;79; 7/29
[新聞] 「詹杜合體」美國眾神覺醒　大勝反而映;77; 7/29
没有标题;24; 7/29
[花邊] Chari Hawkins分享與高中lbj合照;8; 7/29
[情報] Wade：LBJ這年紀還打的虎虎生風讓人反思;98; 7/29
[新聞] Durant歸隊首戰就飆分 遺憾差1球百分百;48; 7/29
[情報] Curry：Durant是美國男籃歷史得分王，這;55; 7/29
[情報] 騎士和籃網討論Isaac Okoro/DFS互換交易;35; 7/29
[花邊] LeBron James感到賽前的緊張;59; 7/29
[花邊] 咖哩奧運初登板 11分3籃板3助攻;爆; 7/29
[花邊] Kerr : 沒讓JT上的我像個白癡+好笑推文;爆; 7/29
[情報] 小丑正負值為0 下場9分鐘球隊-26;爆; 7/29
[新聞] ZSR-奧運籃球／安比德被狂噓 隊友緩頰：;84; 7/29
没有标题;2; 7/29
Re: [花邊] Kerr : 沒讓JT上的我像個白癡+好笑推文;爆; 7/29
Re: [花邊] Kerr : 沒讓JT上的我像個白癡+好笑推文;9; 7/29
Re: [花邊] Kerr : 沒讓JT上的我像個白癡+好笑推文;40; 7/29
[新聞] NBA／區分詹姆斯、喬丹？格林讚「他能;61; 7/29
[討論] 美國隊鋒線人才凋零後該怎麼走？;爆; 7/29
[情報] Kerr: JT將在周四對南蘇丹比賽中重返美國;91; 7/29
[新聞] 「魔獸」霍華德獲就業金卡 盼更熟悉台灣;41; 7/29
[情報] 馬刺隊二輪新秀 Juan Nunez跟巴塞隆納簽約;11; 7/29
[情報] Markkanen的交易報價遠不及Ainge所預期;爆; 7/29
[花邊] Morey送Podcast主持人「薪資空間」的球衣;11; 7/29
[外絮] Curry：對KD的表現一點也不意外;39; 7/29
Re: [花邊] 前NBA球員Budinger打進沙排奧運;37; 7/29
[情報] Moussa Diabate雙向合約加入黃蜂;22; 7/29
[花邊] KD:依靠本能和天賦讓籃球美麗;19; 7/30
[花邊] 南蘇丹教練：滷蛋一直在贊助我們;爆; 7/30
[情報] Harrison Ingram 跟馬刺隊簽下雙向合約;29; 7/30
[花邊] 嘴綠談Brunson降薪:他做了嘴綠式的決定;X1; 7/30
没有标题;N/A; 7/30
[花邊] Howard:Tatum可以來台灣和我們一起打球;爆; 7/30
[花邊] 美媒調侃Kerr和Tatum的個人恩怨;90; 7/30
[新聞] 美前NBA球員「轉戰沙灘排球」！挺進巴黎;39; 7/30
没有标题;4; 7/30
Re: [花邊] KD:依靠本能和天賦讓籃球美麗;爆; 7/30
[花邊] 小野寺吟雲感謝Booker觀賽加油;爆; 7/30
[新聞] CPX-奧運籃球／Embiid表現差遭罵翻！76人;99; 7/30
[Live] 巴黎奧運 A組 西班牙 vs 希臘;99; 7/30
[情報] Christie:我愛湖人所以留下，上賽季沒得;34; 7/30
[情報] 老巴：你不能叫人來訓練，又不給他上場;99; 7/30
[花邊] 美國男籃/女籃 首戰都以26分大勝對手;60; 7/30
[Live] 巴黎奧運 A組 加拿大 vs 澳洲;爆; 7/30
没有标题;38; 7/30
[BOX ] 巴黎奧運 CAN 93:83 AUS;57; 7/30
[花邊] 暴龍隊 推出30週年紀念Logo;29; 7/30
[Live] 巴黎奧運 B組 日本 vs 法國;99; 7/30
[花邊] 今天是Carlos Arroyo的45歲生日;16; 7/30
[花邊] Anthony Edwards去看美國女子桌球賽;50; 7/30
没有标题;爆; 7/31
没有标题;40; 7/31
没有标题;X1; 7/31
没有标题;11; 7/31
没有标题;98; 7/31
没有标题;12; 7/31
没有标题;10; 7/31
[花邊] 日本上次在奧運贏球已經是1976年;31; 7/31
[BOX ] 2024巴黎奧運 小組賽 JPN 90 : 94 FRA;XX; 7/31
[情報] 渡邊飛勇正面賞給狗貝麻辣鍋;爆; 7/31
没有标题;2; 7/31
没有标题;51; 7/31
没有标题;7; 7/31
[花邊] 法國正規時間關鍵追平四分打;XX; 7/31
[討論] FIBA 版本的誰最誇張的強;66; 7/31
没有标题;6; 7/31
[發錢] 真的好可惜阿;爆; 7/31
Re: [討論] 這是亞洲隊伍在奧運史上最精彩的一場嗎;30; 7/31
[情報] 老鷹裁掉Bruno Fernando;18; 7/31
[討論] 和製咖哩這場為何被棄用?;32; 7/31
[討論] 不是很懂為啥要討厭法國隊;N/A; 7/31
[情報] 河村勇輝：這都是我的責任;爆; 7/31
Re: [討論] 這是亞洲隊伍在奧運史上最精彩的一場嗎;14; 7/31
[花邊] 法國第四節四分打更明顯角度;29; 7/31
没有标题;26; 7/31
没有标题;6; 7/31
[Live] 奧運男籃   巴西 VS 德國;34; 7/31
[花邊] 日本隊最後犯規的照片;38; 7/31
[情報] 河村本日29+7+6寫下奧運紀錄;爆; 7/31
[情報] Precious Achiuwa回尼克;22; 7/31
[情報] Devonte’Graham 加盟拓荒者;12; 7/31
没有标题;N/A; 7/31
没有标题;6; 7/31
[情報] 法國教練:strazel 3+1是奇蹟，日本犯規是;66; 7/31
[花邊] Josh Hawkinson 精彩單防賞給斑馬火鍋;76; 7/31
[公告] 水桶*33;32; 7/31
Re: [情報] 法國教練:strazel 3+1是奇蹟，日本犯規是;N/A; 7/31
[討論] 奧運強度有比NBA高嗎;爆; 7/31
Re: [情報] 河村勇輝：這都是我的責任;87; 7/31
[新聞] 奧運籃球／日本籃球水準已「脫亞入歐」　;爆; 7/31
[情報] Niang:西門不打球時我熱臉貼他冷屁股;84; 7/31
[花邊] 許皓程: 如果最後換人防守 會不會沒4分打;X3; 7/31
[情報] Dominick Barlow雙向合約加入老鷹;8; 7/31
Re: [討論] 奧運強度有比NBA高嗎;36; 7/31
[花邊] LBJ 獲得新綽號：Captain LeMerica;99; 7/31
没有标题;13; 7/31
没有标题;N/A; 7/31
Re: [討論] 奧運強度有比NBA高嗎;33; 7/31
没有标题;N/A; 7/31
Re: [討論] 奧運強度有比NBA高嗎;20; 7/31
[花邊] LH-嘴綠不希望聯盟年輕人來做播客;51; 7/31
[花邊] 日法激戰 井上雄彥：Subarashī;72; 7/31
[情報] 鉛筆:我習慣當核心 但在美隊可以放下擔子;61; 7/31
[花邊] 甜瓜問PG: 你為什麼沒有入選美國隊;爆; 7/31
[新聞] 奧運籃球／NBA總冠軍與奧運金牌哪個分量;52; 7/31
[花邊] Russell Westbrook 將穿上金塊隊4號球衣;78; 7/31
[Live] 巴黎奧運 C組 波多黎各 vs 塞爾維亞;爆; 7/31
[情報] Luke Kennard回灰熊 1y/11M;11; 8/01
[Live] 巴黎奧運 C組 美國 vs 南蘇丹 ;爆; 8/01
[花邊] PG開Maxey玩笑;17; 8/01
[新聞] 無視法國觀眾噓聲　Embiid：我是美國人;29; 8/01
[情報] Jarrett Allen續約騎士;23; 8/01
没有标题;99; 8/01
[情報] 美國奧運史上6次出手三分以上沒進球員;87; 8/01
没有标题;2; 8/01
[討論] Curry的問題 在於 不肯改定位嗎?;41; 8/01
[情報] KD在本次奧運會目前為止三分命中率是100%;爆; 8/01
[情報] LBJ 成為美國男籃第三位在奧運得到300分;82; 8/01
[花邊] AE不解觀眾幹嘛噓Embiid;27; 8/01
[情報] Kerr會讓鉛筆先發對抗波多黎各;38; 8/01
[BOX ] 2024巴黎奧運 小組賽 USA 103 : 86 SSD;99; 8/01
Re: [討論] Curry的問題 在於 不肯改定位嗎?;爆; 8/01
没有标题;1; 8/01
没有标题;13; 8/01
Re: [情報] 美國奧運史上6次出手三分以上沒進球員;19; 8/01
[情報] Kerr：我不看社交媒體，希望球員別過多;爆; 8/01
[花邊] K教練：KD是美國奧運隊史以來的最佳球員;爆; 8/01
[花邊] JT: 被DNP使我謙卑謙卑再謙卑;爆; 8/01
[專欄] 老鷹選秀權是NBA頂級交易資產之一;7; 8/01
Re: [討論] Curry的問題 在於 不肯改定位嗎?;61; 8/01
[新聞] 奧運男籃／KD和南蘇丹教練對噴！垃圾話內;60; 8/01
[花邊] Larry Sanders加盟台啤雲豹;88; 8/01
[花邊] 記者: 大3分時代 Curry突破傳給 Bam投3分;68; 8/01
[情報] 咖哩:投籃不好會讓你惱火，但你能做其他;94; 8/01
[討論] Curry從熱身賽到目前的表現比小李還慘;爆; 8/01
[情報] 美國隊Curry的命中%/3分%: 39/34% 29/23%;爆; 8/01
[討論] 為什麼Booker能一直先發?;87; 8/01
Re: [討論] Curry的問題 在於 不肯改定位嗎?;79; 8/01
没有标题;N/A; 8/01
[討論] 勒布朗是20年來最強高中生嗎？;99; 8/01
[情報] Gordon Hayward 宣布退休;爆; 8/01
没有标题;N/A; 8/01
没有标题;N/A; 8/01
没有标题;N/A; 8/01
没有标题;N/A; 8/01
[情報] NBA2K25 Bronny James ;54; 8/01
Re: [情報] Gordon Hayward 宣布退休;42; 8/01
[花邊] Kevin Durant 到場支持美國女籃3x3代表隊;50; 8/01
[花邊] 杰倫宣布他的新非營利計畫;28; 8/01
[花邊] Jimmer Fredette拉傷,美國3x3輸給波蘭;41; 8/01
[情報] Kobe第二座雕像將於明天在私人儀式揭幕;47; 8/02
[情報] Paul George正式成為目前2010梯最後一位NBA球員;62; 8/02
[討論] 籃球在老詹手上已經打出歷史級的新高了吧;X1; 8/02
[花邊] Snoop Dogg一起跟美國男籃搭車;爆; 8/02
[情報] Anzejs Pasecniks雙向合約加入公鹿;4; 8/02
没有标题;4; 8/02
[情報] Chuma Okeke 跟尼克隊簽約;26; 8/02
[情報] 八村壘 左小腿受傷，脫離國家隊;爆; 8/02
[花邊] Kyrie Irving在海邊拿沙灘球教學;48; 8/02
Re: [情報] Paul George正式成為目前2010梯最後一位NBA球員;25; 8/02
[花邊] 姆斯在3X3比賽場邊戴皇冠;97; 8/02
[新聞] 包下巴黎整棟飯店800間房！　美國籃球隊;爆; 8/02
没有标题;14; 8/02
Re: [新聞] 包下巴黎整棟飯店800間房！　美國籃球隊;70; 8/02
[花邊] Booker送了一雙球鞋給身穿他球衣的球迷;39; 8/02
没有标题;1; 8/02
Re: [花邊] Jimmy Butler參加德州撲克直播;44; 8/02
[Live] 巴黎奧運 B組 日本 vs 巴西;爆; 8/02
Re: [情報] Gordon Hayward 宣布退休;46; 8/02
没有标题;54; 8/02
[Live] 巴黎奧運 A組 澳洲 vs 希臘;爆; 8/02
[情報] 巴西KD Bruno Caboclo;33; 8/02
[發錢] 猜奧運 銀牌 銅牌  第四名;爆; 8/02
[Live] 巴黎奧運 A組 加拿大 vs 西班牙;爆; 8/02
[情報] TyTy Washington Jr.雙向合約加入太陽;26; 8/02
[情報] 獨行俠簽下7呎5吋中鋒Jamarion Sharp;24; 8/02
[花邊] 西班牙Dario Brizuela最後一節17分;33; 8/03
[Live] 巴黎奧運 B組 法國 vs 德國;爆; 8/03
[花邊] Kobe第二座雕像正式揭幕;爆; 8/03
[花邊] KD目前的投籃三圍71.4%/100%/90.9%，真實;爆; 8/03
[花邊] FranzWager換手灌籃吃掉斑馬;81; 8/03
[討論] 美國隊2006年世界盃怎麼輸的？;92; 8/03
Re: [討論] 美國隊2006年世界盃怎麼輸的？;21; 8/03
[花邊] Kobe使用的儲物櫃拍賣出高價2.9M美元;25; 8/03
[公告] 板規10.1;N/A;11/29
[公告] NBA自由市場情報文額度放寬;11; 6/27
[情報] 2024-25 自由市場 總整理       (7/14);65; 6/30
[情報] 2024-25 自由市場 球隊異動表格 (7/14);47; 6/30
